,index,winery,vintage,cities,MarchLowTemp,MarchHighTemp,MarchAvgTemp,MarchPrecip,MarchCloudiness,MarchHumidity,AprilLowTemp,AprilHighTemp,AprilAvgTemp,AprilPrecip,AprilCloudiness,AprilHumidity,MayLowTemp,MayHighTemp,MayAvgTemp,MayPrecip,MayCloudiness,MayHumidity,JuneLowTemp,JuneHighTemp,JuneAvgTemp,JunePrecip,JuneCloudiness,JuneHumidity,JulyLowTemp,JulyHighTemp,JulyAvgTemp,JulyPrecip,JulyCloudiness,JulyHumidity,AugLowTemp,AugHighTemp,AugAvgTemp,AugPrecip,AugCloudiness,AugHumidity
5,14,Iron Horse,2009,Sebastopol,49.903225806451616,71.3225806451613,63.25806451612903,2.3000000000000003,46.354838709677416,71.2258064516129,45.1,64.4,57.43333333333333,1.8000000000000003,46.6,73.2,43.38709677419355,58.225806451612904,52.67741935483871,1.6,70.19354838709677,85.64516129032258,40.233333333333334,53.9,48.56666666666667,2.8000000000000007,69.16666666666667,89.93333333333334,39.70967741935484,51.38709677419355,47.12903225806452,4.2,69.25806451612904,87.3225806451613,41.483870967741936,55.516129032258064,50.225806451612904,5.1,67.41935483870968,81.7741935483871
6,15,Novy,2009,Healdsburg,41.54838709677419,60.67741935483871,53.193548387096776,5.7,26.129032258064516,70.93548387096774,44.2,66.6,58.333333333333336,1.2999999999999998,15.5,59.56666666666667,50.45161290322581,73.6774193548387,66.58064516129032,1.8,19.967741935483872,61.806451612903224,51.766666666666666,75.96666666666667,69.16666666666667,0.2,18.4,61.63333333333333,55.87096774193548,83.80645161290323,75.90322580645162,0.0,2.5806451612903225,52.064516129032256,55.45161290322581,82.83870967741936,73.93548387096774,0.1,4.967741935483871,54.61290322580645
7,17,Iron Horse,2010,Sebastopol,52.935483870967744,72.41935483870968,64.90322580645162,5.499999999999999,42.74193548387097,72.87096774193549,50.03333333333333,66.06666666666666,60.266666666666666,1.8000000000000005,57.5,78.5,42.483870967741936,58.70967741935484,52.67741935483871,3.0,66.12903225806451,86.03225806451613,38.13333333333333,52.3,47.13333333333333,4.8,72.4,89.9,37.354838709677416,52.32258064516129,46.67741935483871,1.9000000000000006,74.16129032258064,90.48387096774194,36.54838709677419,50.03225806451613,44.806451612903224,7.799999999999999,79.74193548387096,91.29032258064517
8,20,Iron Horse,2011,Sebastopol,50.806451612903224,68.45161290322581,61.67741935483871,2.7,56.064516129032256,79.48387096774194,46.266666666666666,63.7,56.6,2.1,50.0,80.0,41.096774193548384,54.483870967741936,49.193548387096776,1.7000000000000002,78.64516129032258,88.6774193548387,40.166666666666664,53.166666666666664,47.833333333333336,1.7000000000000002,66.5,88.16666666666667,38.645161290322584,50.96774193548387,46.225806451612904,1.5000000000000002,75.25806451612904,90.09677419354838,39.774193548387096,56.58064516129032,50.25806451612903,4.199999999999999,65.74193548387096,86.25806451612904
9,22,River Road,2011,Guttenberg,32.45161290322581,44.29032258064516,39.58064516129032,8.600000000000001,40.83870967741935,78.54838709677419,43.4,56.733333333333334,51.733333333333334,8.6,51.333333333333336,86.73333333333333,54.03225806451613,67.7741935483871,63.12903225806452,8.9,42.16129032258065,85.45161290322581,62.266666666666666,75.76666666666667,71.7,5.500000000000001,29.566666666666666,81.53333333333333,69.16129032258064,84.25806451612904,79.35483870967742,6.6,20.387096774193548,77.64516129032258,67.2258064516129,80.93548387096774,75.41935483870968,18.6,24.741935483870968,79.45161290322581
10,23,Iron Horse,2012,Sebastopol,50.32258064516129,68.3225806451613,61.645161290322584,1.7000000000000002,48.54838709677419,75.80645161290323,45.56666666666667,66.56666666666666,58.2,1.4000000000000001,45.4,75.43333333333334,41.67741935483871,56.225806451612904,50.41935483870968,3.3,67.19354838709677,84.96774193548387,38.53333333333333,50.766666666666666,46.1,3.8000000000000007,78.9,91.1,38.16129032258065,50.806451612903224,45.903225806451616,2.4000000000000004,80.61290322580645,91.19354838709677,37.83870967741935,52.225806451612904,46.483870967741936,2.4,79.41935483870968,87.51612903225806
11,28,Loring Wine Company,2012,Lompoc,47.87096774193548,59.67741935483871,55.193548387096776,1.9,19.70967741935484,71.29032258064517,51.0,63.233333333333334,59.06666666666667,1.5,13.366666666666667,69.8,53.74193548387097,66.2258064516129,62.483870967741936,0.0,4.580645161290323,67.54838709677419,55.3,66.63333333333334,63.4,0.0,2.1,71.73333333333333,58.03225806451613,67.54838709677419,64.41935483870968,0.30000000000000004,7.451612903225806,77.58064516129032,61.54838709677419,72.09677419354838,68.3225806451613,0.2,3.2903225806451615,68.70967741935483
12,29,Dutton-Goldfield,2013,Sebastopol,53.806451612903224,75.51612903225806,67.48387096774194,1.1,36.064516129032256,63.354838709677416,46.233333333333334,65.23333333333333,57.93333333333333,1.6000000000000005,56.46666666666667,77.7,42.67741935483871,58.25806451612903,51.806451612903224,2.0999999999999996,61.645161290322584,82.74193548387096,38.833333333333336,53.03333333333333,47.233333333333334,2.8000000000000003,71.6,89.76666666666667,39.29032258064516,52.67741935483871,46.903225806451616,2.8000000000000003,72.3225806451613,89.96774193548387,39.58064516129032,52.83870967741935,47.774193548387096,3.100000000000001,76.80645161290323,89.45161290322581
13,30,Wait Cellars,2013,San Francisco,47.12903225806452,62.774193548387096,56.70967741935484,1.2,28.806451612903224,74.12903225806451,49.833333333333336,68.43333333333334,62.36666666666667,0.4,15.166666666666666,67.36666666666666,51.354838709677416,69.90322580645162,64.29032258064517,0.1,16.516129032258064,67.25806451612904,55.7,72.8,67.96666666666667,0.30000000000000004,17.7,70.76666666666667,57.193548387096776,73.74193548387096,68.48387096774194,0.1,6.161290322580645,71.80645161290323,57.58064516129032,73.51612903225806,67.96774193548387,0.1,11.741935483870968,75.16129032258064
14,31,Krutz,2013,Santa Rosa,75.93548387096774,90.06451612903226,84.83870967741936,1.2999999999999998,27.516129032258064,75.96774193548387,78.86666666666666,95.73333333333333,90.36666666666666,1.3000000000000003,18.566666666666666,70.56666666666666,80.3225806451613,93.54838709677419,89.0,3.8000000000000007,25.870967741935484,75.45161290322581,79.16666666666667,91.56666666666666,87.03333333333333,8.7,35.233333333333334,79.76666666666667,77.70967741935483,89.25806451612904,84.96774193548387,9.200000000000001,39.38709677419355,82.12903225806451,77.61290322580645,87.25806451612904,83.64516129032258,10.4,44.25806451612903,83.61290322580645
15,34,Barnett,2013,Saint Helena,72.93548387096774,75.0,73.80645161290323,0.1,64.09677419354838,78.2258064516129,72.26666666666667,76.03333333333333,73.86666666666666,0.0,52.2,74.4,70.64516129032258,75.12903225806451,72.45161290322581,0.4,55.483870967741936,74.41935483870968,68.43333333333334,73.13333333333334,70.43333333333334,0.8999999999999999,49.3,72.3,66.93548387096774,71.45161290322581,68.74193548387096,1.4000000000000001,58.25806451612903,73.58064516129032,65.45161290322581,70.3225806451613,67.41935483870968,0.7999999999999999,81.61290322580645,77.87096774193549
16,35,La Crema,2014,Windsor,21.06451612903226,33.193548387096776,28.806451612903224,2.2000000000000006,55.645161290322584,85.45161290322581,37.5,51.0,45.833333333333336,5.5,42.166666666666664,78.6,48.903225806451616,61.83870967741935,57.516129032258064,9.0,35.96774193548387,82.25806451612904,58.266666666666666,70.53333333333333,66.33333333333333,13.0,34.63333333333333,82.73333333333333,60.903225806451616,72.64516129032258,68.93548387096774,6.900000000000001,28.032258064516128,80.16129032258064,62.645161290322584,76.12903225806451,71.09677419354838,8.0,25.096774193548388,81.48387096774194
17,36,En Garde,2014, Glen Ellen,24.870967741935484,42.61290322580645,35.45161290322581,1.0,45.064516129032256,71.2258064516129,40.56666666666667,58.666666666666664,51.6,5.9,43.56666666666667,67.2,51.61290322580645,71.41935483870968,64.12903225806451,2.8000000000000003,36.096774193548384,71.38709677419355,60.733333333333334,78.7,72.86666666666666,10.499999999999996,31.166666666666668,79.7,58.483870967741936,79.25806451612904,72.48387096774194,1.8,22.70967741935484,77.12903225806451,61.0,80.12903225806451,73.2258064516129,4.200000000000001,38.83870967741935,83.90322580645162
18,37,Ron Rubin,2014,Sebastopol,51.70967741935484,72.51612903225806,64.61290322580645,2.5,43.225806451612904,70.70967741935483,47.233333333333334,62.9,56.93333333333333,3.8,56.46666666666667,80.86666666666666,44.0,60.064516129032256,53.67741935483871,1.1,66.74193548387096,85.35483870967742,40.666666666666664,53.0,48.2,2.600000000000001,79.26666666666667,91.93333333333334,37.225806451612904,50.96774193548387,45.41935483870968,2.2,75.03225806451613,89.87096774193549,36.03225806451613,55.483870967741936,47.74193548387097,0.2,63.483870967741936,83.7741935483871
19,38,MacRostie,2014,Healdsburg,42.32258064516129,64.48387096774194,56.32258064516129,6.500000000000001,38.516129032258064,72.7741935483871,43.666666666666664,71.0,61.56666666666667,1.9,23.7,68.43333333333334,46.54838709677419,77.90322580645162,68.16129032258064,0.1,15.03225806451613,57.0,50.333333333333336,83.63333333333334,74.53333333333333,0.0,5.033333333333333,55.733333333333334,55.096774193548384,85.90322580645162,76.70967741935483,0.0,11.64516129032258,60.83870967741935,54.45161290322581,83.16129032258064,73.2258064516129,0.1,8.32258064516129,64.41935483870968
20,39,River Road,2014,Guttenberg,27.903225806451612,41.03225806451613,36.45161290322581,6.3,45.61290322580645,75.93548387096774,41.63333333333333,56.5,50.96666666666667,6.5,32.2,75.1,52.70967741935484,67.16129032258064,62.67741935483871,8.9,38.645161290322584,79.19354838709677,61.5,76.76666666666667,72.03333333333333,6.1000000000000005,31.966666666666665,80.26666666666667,65.87096774193549,80.6774193548387,75.74193548387096,9.5,26.129032258064516,77.96774193548387,64.61290322580645,79.41935483870968,74.19354838709677,3.7,27.06451612903226,74.64516129032258
21,45,Ron Rubin,2015,Sebastopol,49.61290322580645,69.12903225806451,61.54838709677419,0.5,47.83870967741935,68.87096774193549,44.96666666666667,59.63333333333333,53.96666666666667,1.0999999999999999,63.53333333333333,78.36666666666666,43.25806451612903,54.225806451612904,50.03225806451613,2.2000000000000006,65.09677419354838,81.48387096774194,38.666666666666664,51.4,46.7,0.5,70.26666666666667,86.53333333333333,36.32258064516129,48.12903225806452,43.70967741935484,2.6000000000000005,66.96774193548387,84.70967741935483,36.935483870967744,50.064516129032256,45.225806451612904,2.2,75.38709677419355,84.64516129032258
